cohort_id,User,condition,class,label,final_grade
STAT0002_2021,710429,online,3,C3: Mid-variable,63.78
STAT0002_2021,710499,online,1,C1: Low-steady,54.15
STAT0002_2021,718925,online,1,C1: Low-steady,78.66
STAT0002_2021,718927,online,3,C3: Mid-variable,67.77
STAT0002_2021,718931,online,3,C3: Mid-variable,80.79
STAT0002_2021,718933,online,2,C2: High-steady,67.35
STAT0002_2021,718937,online,3,C3: Mid-variable,56.83
STAT0002_2021,718941,online,3,C3: Mid-variable,57.1
STAT0002_2021,718945,online,3,C3: Mid-variable,62.88
STAT0002_2021,718997,online,3,C3: Mid-variable,89.32
STAT0002_2021,719059,online,1,C1: Low-steady,84.12
STAT0002_2021,719067,online,3,C3: Mid-variable,40
STAT0002_2021,719081,online,2,C2: High-steady,70.71
STAT0002_2021,719083,online,1,C1: Low-steady,87.86
STAT0002_2021,719087,online,3,C3: Mid-variable,82.92
STAT0002_2021,719157,online,1,C1: Low-steady,59.75
STAT0002_2021,719219,online,3,C3: Mid-variable,82
STAT0002_2021,719243,online,2,C2: High-steady,69.84
STAT0002_2021,719255,online,1,C1: Low-steady,90.75
STAT0002_2021,719275,online,1,C1: Low-steady,68.36
STAT0002_2021,719283,online,1,C1: Low-steady,82
STAT0002_2021,738327,online,3,C3: Mid-variable,65.45
STAT0002_2021,738367,online,3,C3: Mid-variable,71.25
STAT0002_2021,738493,online,1,C1: Low-steady,73.58
STAT0002_2021,738517,online,1,C1: Low-steady,62.05
STAT0002_2021,738605,online,1,C1: Low-steady,74.83
STAT0002_2021,738619,online,3,C3: Mid-variable,79.1
STAT0002_2021,738725,online,3,C3: Mid-variable,74.84
STAT0002_2021,738729,online,1,C1: Low-steady,75.1
STAT0002_2021,738731,online,1,C1: Low-steady,64.9
STAT0002_2021,738779,online,3,C3: Mid-variable,64.23
STAT0002_2021,738837,online,3,C3: Mid-variable,67.75
STAT0002_2021,741119,online,1,C1: Low-steady,47.65
STAT0002_2021,741235,online,3,C3: Mid-variable,71.08
STAT0002_2021,741293,online,3,C3: Mid-variable,57.33
STAT0002_2021,741355,online,1,C1: Low-steady,77.66
STAT0002_2021,741497,online,3,C3: Mid-variable,75.58
STAT0002_2021,741619,online,3,C3: Mid-variable,40
STAT0002_2021,748382,online,3,C3: Mid-variable,19.43
STAT0002_2021,748395,online,1,C1: Low-steady,68.05
STAT0002_2021,748396,online,3,C3: Mid-variable,88.53
STAT0002_2021,748398,online,3,C3: Mid-variable,67.62
STAT0002_2021,748400,online,3,C3: Mid-variable,72
STAT0002_2021,748404,online,1,C1: Low-steady,81.74
STAT0002_2021,748416,online,1,C1: Low-steady,65.5
STAT0002_2021,748426,online,3,C3: Mid-variable,86.61
STAT0002_2021,748431,online,3,C3: Mid-variable,77.53
STAT0002_2021,748432,online,3,C3: Mid-variable,78.5
STAT0002_2021,748433,online,3,C3: Mid-variable,84.7
STAT0002_2021,748434,online,2,C2: High-steady,82.12
STAT0002_2021,748435,online,3,C3: Mid-variable,57.1
STAT0002_2021,748436,online,1,C1: Low-steady,61.61
STAT0002_2021,748437,online,3,C3: Mid-variable,53.9
STAT0002_2021,748439,online,2,C2: High-steady,55.2
STAT0002_2021,748440,online,2,C2: High-steady,61.05
STAT0002_2021,748442,online,2,C2: High-steady,66.78
STAT0002_2021,748444,online,3,C3: Mid-variable,92.47
STAT0002_2021,748445,online,3,C3: Mid-variable,78.58
STAT0002_2021,748446,online,3,C3: Mid-variable,66.12
STAT0002_2021,748448,online,3,C3: Mid-variable,83.74
STAT0002_2021,748449,online,2,C2: High-steady,74.5
STAT0002_2021,748451,online,3,C3: Mid-variable,72.03
STAT0002_2021,748452,online,3,C3: Mid-variable,77.92
STAT0002_2021,748453,online,1,C1: Low-steady,72.15
STAT0002_2021,748454,online,3,C3: Mid-variable,77.25
STAT0002_2021,748456,online,3,C3: Mid-variable,61.45
STAT0002_2021,748457,online,1,C1: Low-steady,4.11
STAT0002_2021,748458,online,3,C3: Mid-variable,77
STAT0002_2021,748459,online,3,C3: Mid-variable,90.44
STAT0002_2021,748460,online,3,C3: Mid-variable,70.7
STAT0002_2021,748461,online,3,C3: Mid-variable,68.91
STAT0002_2021,748462,online,1,C1: Low-steady,73.3
STAT0002_2021,748465,online,3,C3: Mid-variable,83.17
STAT0002_2021,748466,online,3,C3: Mid-variable,60.4
STAT0002_2021,748467,online,2,C2: High-steady,90.35
STAT0002_2021,748469,online,3,C3: Mid-variable,72.79
STAT0002_2021,748470,online,3,C3: Mid-variable,65.13
STAT0002_2021,748471,online,3,C3: Mid-variable,59.95
STAT0002_2021,748472,online,3,C3: Mid-variable,68.87
STAT0002_2021,748473,online,1,C1: Low-steady,47.96
STAT0002_2021,748474,online,1,C1: Low-steady,62.56
STAT0002_2021,748475,online,3,C3: Mid-variable,78.33
STAT0002_2021,748476,online,2,C2: High-steady,60.25
STAT0002_2021,748477,online,3,C3: Mid-variable,56.85
STAT0002_2021,748478,online,2,C2: High-steady,76.66
STAT0002_2021,748479,online,3,C3: Mid-variable,75.16
STAT0002_2021,748480,online,3,C3: Mid-variable,64.05
STAT0002_2021,748481,online,3,C3: Mid-variable,81.86
STAT0002_2021,748483,online,1,C1: Low-steady,74.25
STAT0002_2021,748484,online,3,C3: Mid-variable,61.45
STAT0002_2021,748486,online,3,C3: Mid-variable,64.38
STAT0002_2021,748487,online,2,C2: High-steady,59
STAT0002_2021,748488,online,2,C2: High-steady,69.21
STAT0002_2021,748928,online,3,C3: Mid-variable,57.04
STAT0002_2021,748931,online,1,C1: Low-steady,52.81
STAT0002_2021,748933,online,3,C3: Mid-variable,88.07
STAT0002_2021,748935,online,1,C1: Low-steady,51
STAT0002_2021,748937,online,1,C1: Low-steady,63.78
STAT0002_2021,748939,online,3,C3: Mid-variable,59
STAT0002_2021,748940,online,3,C3: Mid-variable,62.93
STAT0002_2021,748942,online,3,C3: Mid-variable,64.3
STAT0002_2021,758362,online,3,C3: Mid-variable,67.77
STAT0002_2021,758363,online,3,C3: Mid-variable,70.6
STAT0002_2021,758381,online,3,C3: Mid-variable,53.05
STAT0002_2021,758383,online,1,C1: Low-steady,72.44
STAT0002_2021,758385,online,3,C3: Mid-variable,53.41
STAT0002_2021,758390,online,1,C1: Low-steady,81
STAT0002_2021,758393,online,1,C1: Low-steady,61.13
STAT0002_2021,758404,online,3,C3: Mid-variable,59.65
STAT0002_2021,758409,online,3,C3: Mid-variable,82.53
STAT0002_2021,758428,online,3,C3: Mid-variable,46.83
STAT0002_2021,758430,online,1,C1: Low-steady,84.57
STAT0002_2021,758445,online,1,C1: Low-steady,55.83
STAT0002_2021,758448,online,3,C3: Mid-variable,73.12
STAT0002_2021,758451,online,3,C3: Mid-variable,81.78
STAT0002_2021,758495,online,1,C1: Low-steady,74.92
STAT0002_2021,758500,online,3,C3: Mid-variable,69.65
STAT0002_2021,758502,online,1,C1: Low-steady,72.65
STAT0002_2021,758505,online,3,C3: Mid-variable,49.68
STAT0002_2021,758526,online,1,C1: Low-steady,34.67
STAT0002_2021,758530,online,2,C2: High-steady,81.7
STAT0002_2021,758532,online,3,C3: Mid-variable,55.55
STAT0002_2021,758538,online,1,C1: Low-steady,53.32
STAT0002_2021,758539,online,1,C1: Low-steady,66.78
STAT0002_2021,758546,online,3,C3: Mid-variable,70.58
STAT0002_2021,758547,online,3,C3: Mid-variable,84.04
STAT0002_2021,758551,online,3,C3: Mid-variable,77.53
STAT0002_2021,758568,online,2,C2: High-steady,76.33
STAT0002_2021,758575,online,3,C3: Mid-variable,64
STAT0002_2021,758577,online,3,C3: Mid-variable,80.17
STAT0002_2021,758586,online,2,C2: High-steady,48.1
STAT0002_2021,758589,online,2,C2: High-steady,72.62
STAT0002_2021,758595,online,3,C3: Mid-variable,80.04
STAT0002_2021,758603,online,3,C3: Mid-variable,84.92
STAT0002_2021,758604,online,3,C3: Mid-variable,85.24
STAT0002_2021,758609,online,3,C3: Mid-variable,79.67
STAT0002_2021,758613,online,1,C1: Low-steady,61
STAT0002_2021,758614,online,1,C1: Low-steady,73.12
STAT0002_2021,758616,online,3,C3: Mid-variable,45.96
STAT0002_2021,758620,online,2,C2: High-steady,70.91
STAT0002_2021,758621,online,3,C3: Mid-variable,91.35
STAT0002_2021,758622,online,3,C3: Mid-variable,58.08
STAT0002_2021,758626,online,1,C1: Low-steady,64.75
STAT0002_2021,758630,online,3,C3: Mid-variable,80.5
STAT0002_2021,758634,online,3,C3: Mid-variable,68.77
STAT0002_2021,758635,online,3,C3: Mid-variable,69.29
STAT0002_2021,758638,online,1,C1: Low-steady,57.67
STAT0002_2021,758639,online,1,C1: Low-steady,65.33
STAT0002_2021,761016,online,3,C3: Mid-variable,75.48
STAT0002_2021,761032,online,1,C1: Low-steady,66.7
STAT0002_2021,761033,online,1,C1: Low-steady,67.71
STAT0002_2021,761039,online,3,C3: Mid-variable,85.7
STAT0002_2021,761053,online,3,C3: Mid-variable,63.48
STAT0002_2021,761055,online,3,C3: Mid-variable,67.01
STAT0002_2021,761056,online,3,C3: Mid-variable,63.4
STAT0002_2021,761057,online,1,C1: Low-steady,73.1
STAT0002_2021,761058,online,3,C3: Mid-variable,84.56
STAT0002_2021,761059,online,1,C1: Low-steady,68.45
STAT0002_2021,761060,online,1,C1: Low-steady,51.7
STAT0002_2021,761061,online,3,C3: Mid-variable,79.62
STAT0002_2021,761062,online,2,C2: High-steady,58.9
STAT0002_2021,761063,online,2,C2: High-steady,68.15
STAT0002_2021,761064,online,3,C3: Mid-variable,83.12
STAT0002_2021,761065,online,1,C1: Low-steady,85.35
STAT0002_2021,761066,online,3,C3: Mid-variable,70.14
STAT0002_2021,761067,online,1,C1: Low-steady,63.98
STAT0002_2021,761070,online,2,C2: High-steady,78.67
STAT0002_2021,761071,online,1,C1: Low-steady,61.5
STAT0002_2021,761072,online,3,C3: Mid-variable,50.5
STAT0002_2021,761073,online,3,C3: Mid-variable,68.72
STAT0002_2021,761074,online,3,C3: Mid-variable,80.33
STAT0002_2021,761075,online,3,C3: Mid-variable,69.52
STAT0002_2021,761076,online,2,C2: High-steady,77.33
STAT0002_2021,761077,online,2,C2: High-steady,85.49
STAT0002_2021,761079,online,3,C3: Mid-variable,82.89
STAT0002_2021,761080,online,3,C3: Mid-variable,64.07
STAT0002_2021,761081,online,3,C3: Mid-variable,80.17
STAT0002_2021,761083,online,2,C2: High-steady,69.95
STAT0002_2021,761084,online,1,C1: Low-steady,62.59
STAT0002_2021,761085,online,1,C1: Low-steady,59.02
STAT0002_2021,761086,online,1,C1: Low-steady,67.35
STAT0002_2021,761087,online,1,C1: Low-steady,59.33
STAT0002_2021,761088,online,3,C3: Mid-variable,86.16
STAT0002_2021,761089,online,3,C3: Mid-variable,73.08
STAT0002_2021,761090,online,3,C3: Mid-variable,76
STAT0002_2021,761091,online,1,C1: Low-steady,82.49
STAT0002_2021,761093,online,1,C1: Low-steady,63.48
STAT0002_2021,761094,online,1,C1: Low-steady,81.67
STAT0002_2021,761095,online,3,C3: Mid-variable,66.89
STAT0002_2021,761096,online,3,C3: Mid-variable,55.7
STAT0002_2021,761097,online,2,C2: High-steady,92.18
STAT0002_2021,761098,online,1,C1: Low-steady,62.5
STAT0002_2021,761099,online,3,C3: Mid-variable,55
STAT0002_2021,761100,online,3,C3: Mid-variable,56.75
STAT0002_2021,761101,online,3,C3: Mid-variable,70.9
STAT0002_2021,761102,online,3,C3: Mid-variable,69.71
STAT0002_2021,761103,online,1,C1: Low-steady,77.33
STAT0002_2021,761104,online,1,C1: Low-steady,63.06
STAT0002_2021,761105,online,1,C1: Low-steady,69.84
STAT0002_2021,761106,online,3,C3: Mid-variable,64.02
STAT0002_2021,761107,online,2,C2: High-steady,80.28
STAT0002_2021,761108,online,1,C1: Low-steady,51.67
STAT0002_2021,761109,online,2,C2: High-steady,50.15
STAT0002_2021,761110,online,2,C2: High-steady,67
STAT0002_2021,761111,online,1,C1: Low-steady,64.66
STAT0002_2021,761112,online,3,C3: Mid-variable,60.37
STAT0002_2021,761113,online,2,C2: High-steady,81.32
STAT0002_2021,761114,online,3,C3: Mid-variable,42.55
STAT0002_2021,761115,online,3,C3: Mid-variable,50.28
STAT0002_2021,761116,online,3,C3: Mid-variable,59.18
STAT0002_2021,761117,online,1,C1: Low-steady,70.6
STAT0002_2021,761118,online,1,C1: Low-steady,63.53
STAT0002_2021,761119,online,1,C1: Low-steady,57.56
STAT0002_2021,761120,online,1,C1: Low-steady,61.75
STAT0002_2021,761121,online,3,C3: Mid-variable,83.45
STAT0002_2021,761123,online,2,C2: High-steady,73.45
STAT0002_2021,761124,online,3,C3: Mid-variable,61.08
STAT0002_2021,761125,online,1,C1: Low-steady,76.67
STAT0002_2021,761126,online,3,C3: Mid-variable,16.5
STAT0002_2021,761127,online,1,C1: Low-steady,46
STAT0002_2021,761128,online,1,C1: Low-steady,40
STAT0002_2021,761129,online,3,C3: Mid-variable,78.17
STAT0002_2021,761130,online,2,C2: High-steady,85.61
STAT0002_2021,761131,online,3,C3: Mid-variable,62.13
STAT0002_2021,761132,online,1,C1: Low-steady,51.51
STAT0002_2021,761133,online,2,C2: High-steady,57.07
STAT0002_2021,761134,online,3,C3: Mid-variable,85.16
STAT0002_2021,761135,online,1,C1: Low-steady,76
STAT0002_2021,761136,online,3,C3: Mid-variable,78.5
STAT0002_2021,761137,online,3,C3: Mid-variable,72.62
STAT0002_2021,761138,online,2,C2: High-steady,47.75
STAT0002_2021,761140,online,3,C3: Mid-variable,58.42
STAT0002_2021,761141,online,3,C3: Mid-variable,56.77
STAT0002_2021,761142,online,1,C1: Low-steady,66
STAT0002_2021,761143,online,3,C3: Mid-variable,71.47
STAT0002_2021,761144,online,1,C1: Low-steady,54.83
STAT0002_2021,761145,online,1,C1: Low-steady,65.62
STAT0002_2021,761146,online,3,C3: Mid-variable,40
STAT0002_2021,761147,online,1,C1: Low-steady,91.39
STAT0002_2021,761148,online,3,C3: Mid-variable,71.75
STAT0002_2021,761149,online,2,C2: High-steady,51.84
STAT0002_2021,761150,online,1,C1: Low-steady,47.73
STAT0002_2021,761151,online,3,C3: Mid-variable,66
STAT0002_2021,761152,online,3,C3: Mid-variable,61.15
STAT0002_2021,761153,online,2,C2: High-steady,83.58
STAT0002_2021,761154,online,3,C3: Mid-variable,74.97
STAT0002_2021,761155,online,3,C3: Mid-variable,67.71
STAT0002_2021,761156,online,3,C3: Mid-variable,61.58
STAT0002_2021,761158,online,3,C3: Mid-variable,43.08
STAT0002_2021,761159,online,3,C3: Mid-variable,68.91
STAT0002_2021,761160,online,1,C1: Low-steady,48.37
STAT0002_2021,761162,online,3,C3: Mid-variable,46.82
STAT0002_2021,761164,online,3,C3: Mid-variable,77.67
STAT0002_2021,761165,online,3,C3: Mid-variable,63.5
STAT0002_2021,761166,online,3,C3: Mid-variable,60.25
STAT0002_2021,761167,online,2,C2: High-steady,82.7
STAT0002_2021,761169,online,3,C3: Mid-variable,60.68
STAT0002_2021,761170,online,3,C3: Mid-variable,62.8
STAT0002_2021,761171,online,1,C1: Low-steady,64.15
STAT0002_2021,761172,online,3,C3: Mid-variable,74.2
STAT0002_2021,761173,online,3,C3: Mid-variable,73.6
STAT0002_2021,761174,online,1,C1: Low-steady,65.32
STAT0002_2021,761175,online,2,C2: High-steady,75.83
STAT0002_2021,761176,online,3,C3: Mid-variable,64
STAT0002_2021,761177,online,2,C2: High-steady,59.5
STAT0002_2021,761178,online,1,C1: Low-steady,46.52
STAT0002_2021,761179,online,3,C3: Mid-variable,74.73
STAT0002_2021,762471,online,2,C2: High-steady,54.15
STAT0002_2021,762700,online,1,C1: Low-steady,65.25
STAT0002_2021,762701,online,1,C1: Low-steady,56.75
STAT0002_2021,762702,online,1,C1: Low-steady,44.75
STAT0002_2021,762705,online,1,C1: Low-steady,12
STAT0002_2021,762706,online,1,C1: Low-steady,65.43
STAT0002_2021,762711,online,1,C1: Low-steady,54.92
STAT0002_2021,762714,online,1,C1: Low-steady,54.92
STAT0002_2021,762717,online,3,C3: Mid-variable,64.25
STAT0002_2021,762724,online,1,C1: Low-steady,53.04
STAT0002_2021,762726,online,3,C3: Mid-variable,60.7
STAT0002_2021,762736,online,1,C1: Low-steady,47.7
STAT0002_2021,762745,online,1,C1: Low-steady,49.88
STAT0002_2021,762750,online,1,C1: Low-steady,49.02
STAT0002_2021,762761,online,3,C3: Mid-variable,73.12
STAT0002_2021,762770,online,1,C1: Low-steady,83.67
STAT0002_2021,763305,online,3,C3: Mid-variable,65.97
STAT0002_2021,763318,online,1,C1: Low-steady,64.32
STAT0002_2021,763422,online,2,C2: High-steady,78.9
STAT0002_2021,763423,online,3,C3: Mid-variable,71.41
STAT0002_2021,763424,online,1,C1: Low-steady,40.73
STAT0002_2021,763787,online,1,C1: Low-steady,88.9
STAT0002_2021,763790,online,3,C3: Mid-variable,75.57
STAT0002_2021,763791,online,1,C1: Low-steady,63.84
STAT0002_2021,764228,online,3,C3: Mid-variable,57.5
STAT0002_2021,764234,online,1,C1: Low-steady,69.45
STAT0002_2021,764237,online,1,C1: Low-steady,64.53
STAT0002_2021,764238,online,3,C3: Mid-variable,68.75
STAT0002_2021,764239,online,3,C3: Mid-variable,79.84
STAT0002_2021,764240,online,1,C1: Low-steady,40
STAT0002_2021,764241,online,1,C1: Low-steady,45.02
STAT0002_2021,764242,online,1,C1: Low-steady,69.62
STAT0002_2021,764243,online,3,C3: Mid-variable,60.7
STAT0002_2021,764244,online,2,C2: High-steady,69.43
STAT0002_2021,764245,online,3,C3: Mid-variable,78.12
STAT0002_2021,764246,online,1,C1: Low-steady,69.41
STAT0002_2021,764811,online,1,C1: Low-steady,57.75
STAT0002_2021,764815,online,3,C3: Mid-variable,89.32
STAT0002_2021,764816,online,3,C3: Mid-variable,66.3
STAT0002_2021,764819,online,3,C3: Mid-variable,63.75
STAT0002_2021,764820,online,3,C3: Mid-variable,77.66
STAT0002_2021,764821,online,3,C3: Mid-variable,73.3
STAT0002_2021,764822,online,1,C1: Low-steady,68.06
STAT0002_2021,765792,online,1,C1: Low-steady,50.59
STAT0002_2021,765797,online,3,C3: Mid-variable,80.17
STAT0002_2021,765798,online,3,C3: Mid-variable,71.28
STAT0002_2021,765799,online,3,C3: Mid-variable,71.77
STAT0002_2021,765801,online,3,C3: Mid-variable,50.43
STAT0002_2021,765803,online,1,C1: Low-steady,40
STAT0002_2021,765804,online,2,C2: High-steady,83.45
STAT0002_2021,765805,online,3,C3: Mid-variable,57.7
STAT0002_2021,765806,online,2,C2: High-steady,79.13
STAT0002_2021,765886,online,1,C1: Low-steady,45.64
STAT0002_2021,766105,online,1,C1: Low-steady,61.23
STAT0002_2021,766106,online,3,C3: Mid-variable,74.75
STAT0002_2021,766111,online,3,C3: Mid-variable,61
STAT0002_2021,766112,online,3,C3: Mid-variable,72.8
STAT0002_2021,766113,online,3,C3: Mid-variable,64
STAT0002_2021,766218,online,3,C3: Mid-variable,66.67
STAT0002_2021,766220,online,3,C3: Mid-variable,78.67
STAT0002_2021,766221,online,2,C2: High-steady,88.86
STAT0002_2021,766491,online,1,C1: Low-steady,57.21
STAT0002_2021,766492,online,1,C1: Low-steady,73.58
STAT0002_2021,766493,online,3,C3: Mid-variable,80.03
STAT0002_2021,766494,online,1,C1: Low-steady,3.75
STAT0002_2021,766495,online,3,C3: Mid-variable,59.93
STAT0002_2021,767353,online,1,C1: Low-steady,65.62
STAT0002_2021,767357,online,2,C2: High-steady,86.74
STAT0002_2021,767360,online,3,C3: Mid-variable,53.27
STAT0002_2021,767361,online,1,C1: Low-steady,65.88
STAT0002_2021,768131,online,3,C3: Mid-variable,76.67
STAT0002_2021,768626,online,1,C1: Low-steady,64.6
STAT0002_2021,769814,online,1,C1: Low-steady,63.25
STAT0002_2021,83157,online,1,C1: Low-steady,40
STAT0002_2021,90245,online,1,C1: Low-steady,65.94
STAT0002_2223,719175,in_person,1,C1: Low-steady,52.3495
STAT0002_2223,761168,in_person,1,C1: Low-steady,29.5955
STAT0002_2223,787047,in_person,1,C1: Low-steady,53.974
STAT0002_2223,787771,in_person,3,C3: Mid-variable,68.3
STAT0002_2223,788212,in_person,3,C3: Mid-variable,62.2635
STAT0002_2223,788243,in_person,1,C1: Low-steady,20.787
STAT0002_2223,795048,in_person,1,C1: Low-steady,48.889
STAT0002_2223,799571,in_person,2,C2: High-steady,78.1295
STAT0002_2223,800384,in_person,1,C1: Low-steady,45.406
STAT0002_2223,810731,in_person,2,C2: High-steady,47.1875
STAT0002_2223,811384,in_person,3,C3: Mid-variable,45.87
STAT0002_2223,811765,in_person,3,C3: Mid-variable,68.216
STAT0002_2223,811818,in_person,3,C3: Mid-variable,66.919
STAT0002_2223,833842,in_person,1,C1: Low-steady,77.4195
STAT0002_2223,833846,in_person,1,C1: Low-steady,83.9425
STAT0002_2223,833847,in_person,1,C1: Low-steady,71.6645
STAT0002_2223,833856,in_person,1,C1: Low-steady,46.0615
STAT0002_2223,833857,in_person,1,C1: Low-steady,56.165
STAT0002_2223,833860,in_person,3,C3: Mid-variable,79.0255
STAT0002_2223,833874,in_person,1,C1: Low-steady,77.532
STAT0002_2223,833882,in_person,3,C3: Mid-variable,50.586
STAT0002_2223,833890,in_person,1,C1: Low-steady,64.5855
STAT0002_2223,833906,in_person,3,C3: Mid-variable,64.2985
STAT0002_2223,833907,in_person,3,C3: Mid-variable,85.1645
STAT0002_2223,833917,in_person,1,C1: Low-steady,44.06
STAT0002_2223,833947,in_person,1,C1: Low-steady,45.348
STAT0002_2223,833948,in_person,3,C3: Mid-variable,63.331
STAT0002_2223,833958,in_person,3,C3: Mid-variable,87.8785
STAT0002_2223,833967,in_person,1,C1: Low-steady,63.2905
STAT0002_2223,834023,in_person,3,C3: Mid-variable,66.301
STAT0002_2223,834044,in_person,3,C3: Mid-variable,87.2705
STAT0002_2223,834068,in_person,1,C1: Low-steady,93.6405
STAT0002_2223,834070,in_person,3,C3: Mid-variable,75.7075
STAT0002_2223,834073,in_person,1,C1: Low-steady,65.1585
STAT0002_2223,834089,in_person,3,C3: Mid-variable,79.8945
STAT0002_2223,834093,in_person,1,C1: Low-steady,77.167
STAT0002_2223,834097,in_person,3,C3: Mid-variable,89.6705
STAT0002_2223,834106,in_person,3,C3: Mid-variable,85.5985
STAT0002_2223,834118,in_person,2,C2: High-steady,79.5595
STAT0002_2223,834127,in_person,3,C3: Mid-variable,82.5285
STAT0002_2223,834131,in_person,2,C2: High-steady,61.419
STAT0002_2223,834133,in_person,3,C3: Mid-variable,66.5425
STAT0002_2223,834134,in_person,3,C3: Mid-variable,72.334
STAT0002_2223,834135,in_person,3,C3: Mid-variable,68.0245
STAT0002_2223,834142,in_person,1,C1: Low-steady,66.338
STAT0002_2223,834147,in_person,1,C1: Low-steady,74.944
STAT0002_2223,834161,in_person,1,C1: Low-steady,63.593
STAT0002_2223,834162,in_person,1,C1: Low-steady,51.354
STAT0002_2223,834163,in_person,2,C2: High-steady,74.8015
STAT0002_2223,834164,in_person,3,C3: Mid-variable,40.4625
STAT0002_2223,834165,in_person,3,C3: Mid-variable,73.157
STAT0002_2223,834167,in_person,2,C2: High-steady,82.7905
STAT0002_2223,834169,in_person,3,C3: Mid-variable,69.5515
STAT0002_2223,834170,in_person,3,C3: Mid-variable,77.2035
STAT0002_2223,834171,in_person,3,C3: Mid-variable,61.5405
STAT0002_2223,834172,in_person,3,C3: Mid-variable,76.2885
STAT0002_2223,834173,in_person,3,C3: Mid-variable,83.7545
STAT0002_2223,834174,in_person,3,C3: Mid-variable,89.2245
STAT0002_2223,834175,in_person,3,C3: Mid-variable,62.2365
STAT0002_2223,834176,in_person,3,C3: Mid-variable,71.498
STAT0002_2223,834177,in_person,3,C3: Mid-variable,62.469
STAT0002_2223,834178,in_person,1,C1: Low-steady,66.71
STAT0002_2223,834179,in_person,1,C1: Low-steady,59.346
STAT0002_2223,834180,in_person,3,C3: Mid-variable,56.7215
STAT0002_2223,834181,in_person,3,C3: Mid-variable,72.299
STAT0002_2223,834182,in_person,1,C1: Low-steady,70.1685
STAT0002_2223,834183,in_person,2,C2: High-steady,84.5635
STAT0002_2223,834184,in_person,3,C3: Mid-variable,71.8535
STAT0002_2223,834185,in_person,3,C3: Mid-variable,73.0705
STAT0002_2223,834186,in_person,1,C1: Low-steady,78.167
STAT0002_2223,834187,in_person,3,C3: Mid-variable,78.3315
STAT0002_2223,834188,in_person,3,C3: Mid-variable,75.806
STAT0002_2223,834189,in_person,3,C3: Mid-variable,70.351
STAT0002_2223,834190,in_person,3,C3: Mid-variable,63.649
STAT0002_2223,834191,in_person,2,C2: High-steady,74.9475
STAT0002_2223,834193,in_person,1,C1: Low-steady,78.6395
STAT0002_2223,834194,in_person,1,C1: Low-steady,74.7845
STAT0002_2223,834195,in_person,3,C3: Mid-variable,60.2635
STAT0002_2223,834196,in_person,3,C3: Mid-variable,74.1285
STAT0002_2223,834197,in_person,3,C3: Mid-variable,63.336
STAT0002_2223,834198,in_person,1,C1: Low-steady,53.205
STAT0002_2223,834199,in_person,2,C2: High-steady,79.143
STAT0002_2223,834200,in_person,2,C2: High-steady,76.0545
STAT0002_2223,834201,in_person,3,C3: Mid-variable,69.872
STAT0002_2223,834202,in_person,3,C3: Mid-variable,65.937
STAT0002_2223,834203,in_person,1,C1: Low-steady,80.2155
STAT0002_2223,834204,in_person,1,C1: Low-steady,68.423
STAT0002_2223,834205,in_person,3,C3: Mid-variable,56.8775
STAT0002_2223,834206,in_person,3,C3: Mid-variable,78.0815
STAT0002_2223,834207,in_person,2,C2: High-steady,68.92
STAT0002_2223,834208,in_person,1,C1: Low-steady,80.4975
STAT0002_2223,834209,in_person,3,C3: Mid-variable,69.029
STAT0002_2223,834210,in_person,2,C2: High-steady,72.8005
STAT0002_2223,834212,in_person,3,C3: Mid-variable,66.9885
STAT0002_2223,834213,in_person,2,C2: High-steady,75.3775
STAT0002_2223,834215,in_person,3,C3: Mid-variable,75.1505
STAT0002_2223,834216,in_person,3,C3: Mid-variable,72.4855
STAT0002_2223,834218,in_person,2,C2: High-steady,86.8885
STAT0002_2223,834219,in_person,3,C3: Mid-variable,76.199
STAT0002_2223,834220,in_person,3,C3: Mid-variable,40.616
STAT0002_2223,834222,in_person,2,C2: High-steady,81.202
STAT0002_2223,834223,in_person,1,C1: Low-steady,50.546
STAT0002_2223,834224,in_person,1,C1: Low-steady,42.578
STAT0002_2223,834225,in_person,1,C1: Low-steady,78.7725
STAT0002_2223,834226,in_person,3,C3: Mid-variable,66.639
STAT0002_2223,834227,in_person,3,C3: Mid-variable,74.4625
STAT0002_2223,834228,in_person,2,C2: High-steady,69.96
STAT0002_2223,834229,in_person,2,C2: High-steady,82.8035
STAT0002_2223,834230,in_person,1,C1: Low-steady,67.894
STAT0002_2223,834231,in_person,3,C3: Mid-variable,89.489
STAT0002_2223,834232,in_person,1,C1: Low-steady,46.798
STAT0002_2223,834233,in_person,2,C2: High-steady,83.402
STAT0002_2223,834234,in_person,1,C1: Low-steady,73.479
STAT0002_2223,834235,in_person,3,C3: Mid-variable,72.1835
STAT0002_2223,834237,in_person,3,C3: Mid-variable,52.6955
STAT0002_2223,834238,in_person,1,C1: Low-steady,62.5045
STAT0002_2223,834239,in_person,1,C1: Low-steady,48.2885
STAT0002_2223,834240,in_person,2,C2: High-steady,89.6725
STAT0002_2223,834241,in_person,1,C1: Low-steady,72.619
STAT0002_2223,834242,in_person,3,C3: Mid-variable,75.841
STAT0002_2223,834243,in_person,1,C1: Low-steady,66.6715
STAT0002_2223,834244,in_person,1,C1: Low-steady,75.7735
STAT0002_2223,834245,in_person,2,C2: High-steady,83.5505
STAT0002_2223,834246,in_person,1,C1: Low-steady,50.588
STAT0002_2223,834247,in_person,3,C3: Mid-variable,68.7025
STAT0002_2223,834248,in_person,1,C1: Low-steady,63.7305
STAT0002_2223,834249,in_person,3,C3: Mid-variable,74.177
STAT0002_2223,834250,in_person,1,C1: Low-steady,67.238
STAT0002_2223,834252,in_person,3,C3: Mid-variable,84.7615
STAT0002_2223,834253,in_person,2,C2: High-steady,76.5535
STAT0002_2223,834254,in_person,3,C3: Mid-variable,68.63
STAT0002_2223,834255,in_person,3,C3: Mid-variable,75.443
STAT0002_2223,834256,in_person,2,C2: High-steady,75.2765
STAT0002_2223,834257,in_person,3,C3: Mid-variable,69.541
STAT0002_2223,834258,in_person,2,C2: High-steady,86.159
STAT0002_2223,834260,in_person,3,C3: Mid-variable,76.081
STAT0002_2223,834261,in_person,3,C3: Mid-variable,61.5265
STAT0002_2223,834263,in_person,1,C1: Low-steady,62.305
STAT0002_2223,834264,in_person,1,C1: Low-steady,58.759
STAT0002_2223,834266,in_person,3,C3: Mid-variable,73.221
STAT0002_2223,834267,in_person,2,C2: High-steady,56.8725
STAT0002_2223,834268,in_person,3,C3: Mid-variable,66.451
STAT0002_2223,834269,in_person,2,C2: High-steady,75.2625
STAT0002_2223,834270,in_person,2,C2: High-steady,60.8055
STAT0002_2223,834272,in_person,3,C3: Mid-variable,63.3235
STAT0002_2223,834273,in_person,3,C3: Mid-variable,79.3625
STAT0002_2223,834275,in_person,3,C3: Mid-variable,78.6865
STAT0002_2223,834276,in_person,3,C3: Mid-variable,64.8765
STAT0002_2223,834277,in_person,3,C3: Mid-variable,59.378
STAT0002_2223,834279,in_person,3,C3: Mid-variable,86.8015
STAT0002_2223,834280,in_person,1,C1: Low-steady,44.0475
STAT0002_2223,834282,in_person,1,C1: Low-steady,68.267
STAT0002_2223,834283,in_person,1,C1: Low-steady,70.6315
STAT0002_2223,834284,in_person,1,C1: Low-steady,65.9655
STAT0002_2223,834285,in_person,1,C1: Low-steady,77.0845
STAT0002_2223,834286,in_person,3,C3: Mid-variable,72.128
STAT0002_2223,834287,in_person,3,C3: Mid-variable,53.301
STAT0002_2223,834288,in_person,1,C1: Low-steady,58.9505
STAT0002_2223,834289,in_person,1,C1: Low-steady,67.0725
STAT0002_2223,834290,in_person,3,C3: Mid-variable,74.533
STAT0002_2223,834291,in_person,3,C3: Mid-variable,71.4855
STAT0002_2223,834292,in_person,1,C1: Low-steady,51.774
STAT0002_2223,834293,in_person,1,C1: Low-steady,60.792
STAT0002_2223,834294,in_person,3,C3: Mid-variable,72.4955
STAT0002_2223,834295,in_person,3,C3: Mid-variable,67.86
STAT0002_2223,834296,in_person,3,C3: Mid-variable,80.491
STAT0002_2223,834297,in_person,3,C3: Mid-variable,63.853
STAT0002_2223,834298,in_person,2,C2: High-steady,73.0505
STAT0002_2223,834299,in_person,2,C2: High-steady,85.8795
STAT0002_2223,834300,in_person,3,C3: Mid-variable,71.219
STAT0002_2223,834301,in_person,3,C3: Mid-variable,65.9555
STAT0002_2223,834302,in_person,1,C1: Low-steady,50.74
STAT0002_2223,834304,in_person,3,C3: Mid-variable,68.665
STAT0002_2223,834305,in_person,1,C1: Low-steady,73.2765
STAT0002_2223,834306,in_person,2,C2: High-steady,64.949
STAT0002_2223,834307,in_person,1,C1: Low-steady,71.3415
STAT0002_2223,834308,in_person,3,C3: Mid-variable,79.2225
STAT0002_2223,834310,in_person,3,C3: Mid-variable,78.8555
STAT0002_2223,834311,in_person,3,C3: Mid-variable,68.8175
STAT0002_2223,834312,in_person,3,C3: Mid-variable,77.066
STAT0002_2223,834315,in_person,3,C3: Mid-variable,59.017
STAT0002_2223,834316,in_person,3,C3: Mid-variable,67.727
STAT0002_2223,834317,in_person,3,C3: Mid-variable,72.7365
STAT0002_2223,834319,in_person,3,C3: Mid-variable,65.431
STAT0002_2223,834320,in_person,1,C1: Low-steady,77.54
STAT0002_2223,834321,in_person,2,C2: High-steady,84.7115
STAT0002_2223,834322,in_person,2,C2: High-steady,75.335
STAT0002_2223,834324,in_person,3,C3: Mid-variable,61.9235
STAT0002_2223,834325,in_person,1,C1: Low-steady,67.495
STAT0002_2223,834326,in_person,3,C3: Mid-variable,63.1795
STAT0002_2223,834327,in_person,2,C2: High-steady,78.688
STAT0002_2223,834328,in_person,3,C3: Mid-variable,49.5795
STAT0002_2223,834329,in_person,3,C3: Mid-variable,70.9205
STAT0002_2223,834330,in_person,1,C1: Low-steady,69.9205
STAT0002_2223,834331,in_person,3,C3: Mid-variable,58.278
STAT0002_2223,834332,in_person,3,C3: Mid-variable,79.3785
STAT0002_2223,834333,in_person,3,C3: Mid-variable,63.982
STAT0002_2223,834334,in_person,3,C3: Mid-variable,68.298
STAT0002_2223,834335,in_person,1,C1: Low-steady,37.9915
STAT0002_2223,834336,in_person,1,C1: Low-steady,40.1115
STAT0002_2223,834994,in_person,3,C3: Mid-variable,55.4135
STAT0002_2223,835021,in_person,1,C1: Low-steady,29.7255
STAT0002_2223,835038,in_person,1,C1: Low-steady,52.227
STAT0002_2223,835078,in_person,3,C3: Mid-variable,37.4825
STAT0002_2223,835093,in_person,3,C3: Mid-variable,42.124
STAT0002_2223,835217,in_person,1,C1: Low-steady,61.166
STAT0002_2223,835218,in_person,2,C2: High-steady,70.943
STAT0002_2223,835219,in_person,2,C2: High-steady,57.522
STAT0002_2223,835221,in_person,1,C1: Low-steady,50.4995
STAT0002_2223,835222,in_person,1,C1: Low-steady,65.6795
STAT0002_2223,835223,in_person,3,C3: Mid-variable,62.24
STAT0002_2223,835230,in_person,1,C1: Low-steady,64.4565
STAT0002_2223,835235,in_person,3,C3: Mid-variable,59.833
STAT0002_2223,835237,in_person,3,C3: Mid-variable,72.312
STAT0002_2223,835243,in_person,3,C3: Mid-variable,80.9895
STAT0002_2223,835248,in_person,2,C2: High-steady,74.252
STAT0002_2223,835250,in_person,3,C3: Mid-variable,48.8875
STAT0002_2223,835252,in_person,3,C3: Mid-variable,57.6235
STAT0002_2223,835254,in_person,3,C3: Mid-variable,69.1385
STAT0002_2223,835256,in_person,2,C2: High-steady,75.1505
STAT0002_2223,835257,in_person,3,C3: Mid-variable,31.2065
STAT0002_2223,835266,in_person,2,C2: High-steady,89.2735
STAT0002_2223,835267,in_person,1,C1: Low-steady,61.041
STAT0002_2223,835268,in_person,3,C3: Mid-variable,77.9205
STAT0002_2223,835269,in_person,3,C3: Mid-variable,71.085
STAT0002_2223,835273,in_person,1,C1: Low-steady,40.248
STAT0002_2223,835277,in_person,2,C2: High-steady,53.4195
STAT0002_2223,835279,in_person,3,C3: Mid-variable,74.3795
STAT0002_2223,835281,in_person,3,C3: Mid-variable,77.619
STAT0002_2223,835283,in_person,1,C1: Low-steady,62.462
STAT0002_2223,835284,in_person,1,C1: Low-steady,78.652
STAT0002_2223,835285,in_person,3,C3: Mid-variable,81.9
STAT0002_2223,835288,in_person,2,C2: High-steady,79.719
STAT0002_2223,835291,in_person,1,C1: Low-steady,61.709
STAT0002_2223,835293,in_person,1,C1: Low-steady,54.7875
STAT0002_2223,835295,in_person,2,C2: High-steady,81.9965
STAT0002_2223,835296,in_person,3,C3: Mid-variable,60.3385
STAT0002_2223,835297,in_person,1,C1: Low-steady,81.118
STAT0002_2223,835300,in_person,2,C2: High-steady,74.9875
STAT0002_2223,835305,in_person,3,C3: Mid-variable,80.2025
STAT0002_2223,835306,in_person,3,C3: Mid-variable,58.4755
STAT0002_2223,835314,in_person,3,C3: Mid-variable,62.6705
STAT0002_2223,835315,in_person,1,C1: Low-steady,54.813
STAT0002_2223,835318,in_person,3,C3: Mid-variable,60.815
STAT0002_2223,835324,in_person,1,C1: Low-steady,59.3825
STAT0002_2223,835326,in_person,1,C1: Low-steady,68.4965
STAT0002_2223,835330,in_person,3,C3: Mid-variable,52.529
STAT0002_2223,835331,in_person,1,C1: Low-steady,66.084
STAT0002_2223,835337,in_person,1,C1: Low-steady,70.185
STAT0002_2223,835339,in_person,3,C3: Mid-variable,78.4695
STAT0002_2223,835341,in_person,3,C3: Mid-variable,53.971
STAT0002_2223,835346,in_person,2,C2: High-steady,79.443
STAT0002_2223,835348,in_person,1,C1: Low-steady,76.6065
STAT0002_2223,835353,in_person,3,C3: Mid-variable,79.8345
STAT0002_2223,835355,in_person,1,C1: Low-steady,17.628
STAT0002_2223,835356,in_person,3,C3: Mid-variable,84.8685
STAT0002_2223,835357,in_person,2,C2: High-steady,71.2075
STAT0002_2223,835359,in_person,1,C1: Low-steady,49.524
STAT0002_2223,835360,in_person,1,C1: Low-steady,55.3855
STAT0002_2223,835361,in_person,1,C1: Low-steady,42.7005
STAT0002_2223,835365,in_person,1,C1: Low-steady,46.4085
STAT0002_2223,836584,in_person,3,C3: Mid-variable,76.6545
STAT0002_2223,836596,in_person,1,C1: Low-steady,68.861
STAT0002_2223,836598,in_person,1,C1: Low-steady,80.987
STAT0002_2223,836670,in_person,1,C1: Low-steady,66.4565
STAT0002_2223,837854,in_person,1,C1: Low-steady,76.8055
STAT0002_2223,837881,in_person,3,C3: Mid-variable,66.476
STAT0004_2021,710429,online,1,C1: Low-steady,59.06
STAT0004_2021,710499,online,1,C1: Low-steady,53.13
STAT0004_2021,718925,online,1,C1: Low-steady,71.25
STAT0004_2021,718927,online,3,C3: Mid-variable,60.68
STAT0004_2021,718931,online,3,C3: Mid-variable,60.63
STAT0004_2021,718933,online,3,C3: Mid-variable,67.5
STAT0004_2021,718937,online,1,C1: Low-steady,48.96
STAT0004_2021,718941,online,2,C2: High-steady,65.8
STAT0004_2021,718945,online,3,C3: Mid-variable,62.5
STAT0004_2021,718997,online,3,C3: Mid-variable,60.94
STAT0004_2021,719059,online,3,C3: Mid-variable,67.92
STAT0004_2021,719067,online,1,C1: Low-steady,59.38
STAT0004_2021,719081,online,2,C2: High-steady,64.66
STAT0004_2021,719083,online,1,C1: Low-steady,77.27
STAT0004_2021,719087,online,3,C3: Mid-variable,78.47
STAT0004_2021,719157,online,1,C1: Low-steady,65.8
STAT0004_2021,719219,online,1,C1: Low-steady,69.17
STAT0004_2021,719243,online,3,C3: Mid-variable,61.25
STAT0004_2021,719255,online,1,C1: Low-steady,63.02
STAT0004_2021,719275,online,1,C1: Low-steady,48.28
STAT0004_2021,719283,online,1,C1: Low-steady,72.5
STAT0004_2021,738327,online,3,C3: Mid-variable,66.25
STAT0004_2021,738367,online,3,C3: Mid-variable,73.13
STAT0004_2021,738493,online,1,C1: Low-steady,42.94
STAT0004_2021,738517,online,1,C1: Low-steady,59.79
STAT0004_2021,738605,online,1,C1: Low-steady,55
STAT0004_2021,738619,online,3,C3: Mid-variable,51.88
STAT0004_2021,738725,online,3,C3: Mid-variable,56.88
STAT0004_2021,738729,online,3,C3: Mid-variable,66.46
STAT0004_2021,738731,online,3,C3: Mid-variable,65.63
STAT0004_2021,738779,online,3,C3: Mid-variable,49.79
STAT0004_2021,738837,online,3,C3: Mid-variable,58.81
STAT0004_2021,741235,online,3,C3: Mid-variable,65
STAT0004_2021,741293,online,2,C2: High-steady,59.69
STAT0004_2021,741355,online,1,C1: Low-steady,70
STAT0004_2021,741497,online,1,C1: Low-steady,68.44
STAT0004_2021,741619,online,3,C3: Mid-variable,43.16
STAT0004_2021,748382,online,3,C3: Mid-variable,22.92
STAT0004_2021,748395,online,1,C1: Low-steady,70.83
STAT0004_2021,748396,online,3,C3: Mid-variable,75
STAT0004_2021,748398,online,3,C3: Mid-variable,60.83
STAT0004_2021,748400,online,3,C3: Mid-variable,81.54
STAT0004_2021,748404,online,1,C1: Low-steady,71.88
STAT0004_2021,748416,online,3,C3: Mid-variable,18.44
STAT0004_2021,748426,online,3,C3: Mid-variable,69.58
STAT0004_2021,748431,online,3,C3: Mid-variable,78.92
STAT0004_2021,748432,online,3,C3: Mid-variable,72.08
STAT0004_2021,748433,online,3,C3: Mid-variable,76.46
STAT0004_2021,748434,online,2,C2: High-steady,68.75
STAT0004_2021,748435,online,1,C1: Low-steady,60
STAT0004_2021,748436,online,1,C1: Low-steady,55
STAT0004_2021,748437,online,3,C3: Mid-variable,62.19
STAT0004_2021,748439,online,2,C2: High-steady,61.25
STAT0004_2021,748440,online,2,C2: High-steady,65.63
STAT0004_2021,748442,online,3,C3: Mid-variable,70.74
STAT0004_2021,748444,online,3,C3: Mid-variable,69.25
STAT0004_2021,748445,online,3,C3: Mid-variable,69.6
STAT0004_2021,748446,online,2,C2: High-steady,70.62
STAT0004_2021,748448,online,3,C3: Mid-variable,74.38
STAT0004_2021,748449,online,3,C3: Mid-variable,83.13
STAT0004_2021,748451,online,3,C3: Mid-variable,60
STAT0004_2021,748452,online,3,C3: Mid-variable,82.29
STAT0004_2021,748453,online,1,C1: Low-steady,65
STAT0004_2021,748454,online,3,C3: Mid-variable,71.48
STAT0004_2021,748456,online,3,C3: Mid-variable,61.88
STAT0004_2021,748458,online,3,C3: Mid-variable,80
STAT0004_2021,748459,online,3,C3: Mid-variable,84.79
STAT0004_2021,748460,online,3,C3: Mid-variable,70.31
STAT0004_2021,748461,online,3,C3: Mid-variable,59.06
STAT0004_2021,748462,online,1,C1: Low-steady,59.53
STAT0004_2021,748465,online,2,C2: High-steady,57.5
STAT0004_2021,748466,online,3,C3: Mid-variable,49.06
STAT0004_2021,748467,online,3,C3: Mid-variable,74.58
STAT0004_2021,748469,online,3,C3: Mid-variable,61.14
STAT0004_2021,748470,online,3,C3: Mid-variable,74.06
STAT0004_2021,748471,online,3,C3: Mid-variable,61.25
STAT0004_2021,748472,online,3,C3: Mid-variable,57.84
STAT0004_2021,748473,online,1,C1: Low-steady,52.71
STAT0004_2021,748474,online,1,C1: Low-steady,71.93
STAT0004_2021,748475,online,3,C3: Mid-variable,71.19
STAT0004_2021,748476,online,3,C3: Mid-variable,63.12
STAT0004_2021,748477,online,3,C3: Mid-variable,64.69
STAT0004_2021,748478,online,3,C3: Mid-variable,68.75
STAT0004_2021,748479,online,3,C3: Mid-variable,70
STAT0004_2021,748480,online,1,C1: Low-steady,48.54
STAT0004_2021,748481,online,3,C3: Mid-variable,66.67
STAT0004_2021,748483,online,3,C3: Mid-variable,64.69
STAT0004_2021,748484,online,3,C3: Mid-variable,66.87
STAT0004_2021,748486,online,3,C3: Mid-variable,42.38
STAT0004_2021,748487,online,2,C2: High-steady,66.14
STAT0004_2021,748488,online,3,C3: Mid-variable,70
STAT0004_2021,758362,online,3,C3: Mid-variable,63.12
STAT0004_2021,758363,online,3,C3: Mid-variable,69.38
STAT0004_2021,758381,online,1,C1: Low-steady,60.98
STAT0004_2021,758383,online,3,C3: Mid-variable,69.58
STAT0004_2021,758385,online,1,C1: Low-steady,54.38
STAT0004_2021,758390,online,1,C1: Low-steady,87.29
STAT0004_2021,758393,online,1,C1: Low-steady,60.71
STAT0004_2021,758404,online,3,C3: Mid-variable,63.44
STAT0004_2021,758409,online,3,C3: Mid-variable,72.08
STAT0004_2021,758428,online,3,C3: Mid-variable,55.24
STAT0004_2021,758430,online,1,C1: Low-steady,74.79
STAT0004_2021,758445,online,1,C1: Low-steady,58.12
STAT0004_2021,758448,online,3,C3: Mid-variable,69.37
STAT0004_2021,758451,online,3,C3: Mid-variable,77.08
STAT0004_2021,758495,online,3,C3: Mid-variable,90.42
STAT0004_2021,758500,online,1,C1: Low-steady,68.54
STAT0004_2021,758502,online,3,C3: Mid-variable,76.67
STAT0004_2021,758505,online,3,C3: Mid-variable,56.46
STAT0004_2021,758526,online,1,C1: Low-steady,71.88
STAT0004_2021,758530,online,2,C2: High-steady,72.08
STAT0004_2021,758532,online,1,C1: Low-steady,40
STAT0004_2021,758538,online,1,C1: Low-steady,64.11
STAT0004_2021,758539,online,1,C1: Low-steady,50.85
STAT0004_2021,758546,online,3,C3: Mid-variable,51.76
STAT0004_2021,758547,online,3,C3: Mid-variable,65.63
STAT0004_2021,758551,online,3,C3: Mid-variable,76.88
STAT0004_2021,758568,online,2,C2: High-steady,80.42
STAT0004_2021,758575,online,3,C3: Mid-variable,61.94
STAT0004_2021,758577,online,3,C3: Mid-variable,51.56
STAT0004_2021,758586,online,2,C2: High-steady,60.31
STAT0004_2021,758589,online,3,C3: Mid-variable,68.75
STAT0004_2021,758595,online,1,C1: Low-steady,69.77
STAT0004_2021,758603,online,1,C1: Low-steady,74.38
STAT0004_2021,758604,online,3,C3: Mid-variable,67.05
STAT0004_2021,758609,online,2,C2: High-steady,78.54
STAT0004_2021,758614,online,3,C3: Mid-variable,55.31
STAT0004_2021,758616,online,3,C3: Mid-variable,63.75
STAT0004_2021,758620,online,1,C1: Low-steady,74.49
STAT0004_2021,758621,online,3,C3: Mid-variable,65.69
STAT0004_2021,758622,online,1,C1: Low-steady,61.69
STAT0004_2021,758626,online,1,C1: Low-steady,63.64
STAT0004_2021,758630,online,3,C3: Mid-variable,70.84
STAT0004_2021,758634,online,3,C3: Mid-variable,62.3
STAT0004_2021,758635,online,3,C3: Mid-variable,78.47
STAT0004_2021,758638,online,3,C3: Mid-variable,46.94
STAT0004_2021,758639,online,3,C3: Mid-variable,63.44
STAT0004_2021,761016,online,3,C3: Mid-variable,66.88
STAT0004_2021,761032,online,1,C1: Low-steady,43.13
STAT0004_2021,761033,online,3,C3: Mid-variable,70
STAT0004_2021,761039,online,3,C3: Mid-variable,80.83
STAT0004_2021,761053,online,1,C1: Low-steady,61.56
STAT0004_2021,761055,online,3,C3: Mid-variable,70.62
STAT0004_2021,761056,online,3,C3: Mid-variable,48.44
STAT0004_2021,761057,online,1,C1: Low-steady,71.88
STAT0004_2021,761058,online,3,C3: Mid-variable,84.58
STAT0004_2021,761059,online,3,C3: Mid-variable,60.4
STAT0004_2021,761060,online,1,C1: Low-steady,58.34
STAT0004_2021,761061,online,2,C2: High-steady,61.59
STAT0004_2021,761062,online,3,C3: Mid-variable,76.36
STAT0004_2021,761063,online,3,C3: Mid-variable,76.82
STAT0004_2021,761064,online,3,C3: Mid-variable,72.5
STAT0004_2021,761065,online,1,C1: Low-steady,78.33
STAT0004_2021,761066,online,2,C2: High-steady,61.46
STAT0004_2021,761067,online,1,C1: Low-steady,60.21
STAT0004_2021,761070,online,3,C3: Mid-variable,60
STAT0004_2021,761071,online,1,C1: Low-steady,47.45
STAT0004_2021,761072,online,3,C3: Mid-variable,72.75
STAT0004_2021,761073,online,3,C3: Mid-variable,55.31
STAT0004_2021,761074,online,3,C3: Mid-variable,71.67
STAT0004_2021,761075,online,3,C3: Mid-variable,64.89
STAT0004_2021,761076,online,2,C2: High-steady,65.34
STAT0004_2021,761077,online,2,C2: High-steady,70
STAT0004_2021,761079,online,2,C2: High-steady,62.19
STAT0004_2021,761080,online,3,C3: Mid-variable,70.42
STAT0004_2021,761081,online,3,C3: Mid-variable,49.69
STAT0004_2021,761083,online,2,C2: High-steady,71.88
STAT0004_2021,761084,online,1,C1: Low-steady,77.5
STAT0004_2021,761085,online,1,C1: Low-steady,52.19
STAT0004_2021,761086,online,3,C3: Mid-variable,60.94
STAT0004_2021,761087,online,1,C1: Low-steady,46.87
STAT0004_2021,761088,online,3,C3: Mid-variable,81.25
STAT0004_2021,761089,online,3,C3: Mid-variable,74.06
STAT0004_2021,761090,online,3,C3: Mid-variable,74.06
STAT0004_2021,761091,online,1,C1: Low-steady,67.5
STAT0004_2021,761093,online,3,C3: Mid-variable,46.46
STAT0004_2021,761094,online,3,C3: Mid-variable,60.4
STAT0004_2021,761095,online,1,C1: Low-steady,57.5
STAT0004_2021,761096,online,1,C1: Low-steady,48.13
STAT0004_2021,761097,online,2,C2: High-steady,81.67
STAT0004_2021,761098,online,1,C1: Low-steady,58.13
STAT0004_2021,761099,online,3,C3: Mid-variable,50.17
STAT0004_2021,761100,online,1,C1: Low-steady,62.92
STAT0004_2021,761101,online,3,C3: Mid-variable,64.06
STAT0004_2021,761102,online,3,C3: Mid-variable,65.23
STAT0004_2021,761103,online,1,C1: Low-steady,57.29
STAT0004_2021,761104,online,1,C1: Low-steady,67.05
STAT0004_2021,761105,online,1,C1: Low-steady,58.75
STAT0004_2021,761106,online,3,C3: Mid-variable,58.75
STAT0004_2021,761107,online,2,C2: High-steady,66.25
STAT0004_2021,761108,online,1,C1: Low-steady,62.5
STAT0004_2021,761109,online,3,C3: Mid-variable,54.58
STAT0004_2021,761110,online,1,C1: Low-steady,63.75
STAT0004_2021,761111,online,3,C3: Mid-variable,66.25
STAT0004_2021,761112,online,3,C3: Mid-variable,69.69
STAT0004_2021,761113,online,3,C3: Mid-variable,75.31
STAT0004_2021,761114,online,3,C3: Mid-variable,48.13
STAT0004_2021,761115,online,1,C1: Low-steady,67.39
STAT0004_2021,761116,online,3,C3: Mid-variable,65.31
STAT0004_2021,761117,online,1,C1: Low-steady,65.63
STAT0004_2021,761118,online,3,C3: Mid-variable,59.69
STAT0004_2021,761119,online,1,C1: Low-steady,52.19
STAT0004_2021,761120,online,3,C3: Mid-variable,58.13
STAT0004_2021,761121,online,3,C3: Mid-variable,59.72
STAT0004_2021,761123,online,2,C2: High-steady,70.84
STAT0004_2021,761124,online,3,C3: Mid-variable,69.06
STAT0004_2021,761125,online,1,C1: Low-steady,67.82
STAT0004_2021,761126,online,1,C1: Low-steady,11.04
STAT0004_2021,761127,online,1,C1: Low-steady,7.84
STAT0004_2021,761128,online,1,C1: Low-steady,57.29
STAT0004_2021,761129,online,3,C3: Mid-variable,63.75
STAT0004_2021,761130,online,3,C3: Mid-variable,78.54
STAT0004_2021,761131,online,3,C3: Mid-variable,59.69
STAT0004_2021,761132,online,1,C1: Low-steady,51.46
STAT0004_2021,761133,online,2,C2: High-steady,70.63
STAT0004_2021,761134,online,3,C3: Mid-variable,70.97
STAT0004_2021,761135,online,1,C1: Low-steady,63.44
STAT0004_2021,761136,online,3,C3: Mid-variable,65.63
STAT0004_2021,761137,online,3,C3: Mid-variable,59.38
STAT0004_2021,761138,online,2,C2: High-steady,52.73
STAT0004_2021,761140,online,1,C1: Low-steady,56.88
STAT0004_2021,761141,online,3,C3: Mid-variable,49.69
STAT0004_2021,761142,online,1,C1: Low-steady,60.42
STAT0004_2021,761143,online,3,C3: Mid-variable,52.22
STAT0004_2021,761144,online,3,C3: Mid-variable,17.5
STAT0004_2021,761145,online,1,C1: Low-steady,54.38
STAT0004_2021,761146,online,1,C1: Low-steady,48.75
STAT0004_2021,761147,online,1,C1: Low-steady,72.92
STAT0004_2021,761148,online,3,C3: Mid-variable,62.5
STAT0004_2021,761149,online,3,C3: Mid-variable,69.07
STAT0004_2021,761150,online,1,C1: Low-steady,53.13
STAT0004_2021,761151,online,3,C3: Mid-variable,59.26
STAT0004_2021,761152,online,2,C2: High-steady,46.46
STAT0004_2021,761153,online,3,C3: Mid-variable,65.57
STAT0004_2021,761154,online,3,C3: Mid-variable,66.46
STAT0004_2021,761155,online,3,C3: Mid-variable,48.75
STAT0004_2021,761156,online,3,C3: Mid-variable,68.33
STAT0004_2021,761158,online,3,C3: Mid-variable,74.94
STAT0004_2021,761159,online,3,C3: Mid-variable,67.92
STAT0004_2021,761160,online,1,C1: Low-steady,58.21
STAT0004_2021,761162,online,3,C3: Mid-variable,61.48
STAT0004_2021,761164,online,3,C3: Mid-variable,73.13
STAT0004_2021,761165,online,1,C1: Low-steady,33.51
STAT0004_2021,761166,online,3,C3: Mid-variable,56.48
STAT0004_2021,761167,online,3,C3: Mid-variable,60.63
STAT0004_2021,761169,online,3,C3: Mid-variable,58.55
STAT0004_2021,761170,online,3,C3: Mid-variable,74.69
STAT0004_2021,761171,online,3,C3: Mid-variable,63.75
STAT0004_2021,761172,online,3,C3: Mid-variable,78.33
STAT0004_2021,761173,online,3,C3: Mid-variable,57.71
STAT0004_2021,761174,online,3,C3: Mid-variable,67.08
STAT0004_2021,761175,online,3,C3: Mid-variable,70
STAT0004_2021,761176,online,3,C3: Mid-variable,41.83
STAT0004_2021,761177,online,3,C3: Mid-variable,56.25
STAT0004_2021,761178,online,1,C1: Low-steady,43.13
STAT0004_2021,761179,online,3,C3: Mid-variable,60.42
STAT0004_2021,763305,online,1,C1: Low-steady,48.75
STAT0004_2021,763422,online,2,C2: High-steady,70.31
STAT0004_2021,763423,online,3,C3: Mid-variable,58.18
STAT0004_2021,763424,online,1,C1: Low-steady,10.21
STAT0004_2021,763787,online,1,C1: Low-steady,79.58
STAT0004_2021,763790,online,1,C1: Low-steady,57.19
STAT0004_2021,763791,online,1,C1: Low-steady,44.58
STAT0004_2021,764228,online,3,C3: Mid-variable,65.69
STAT0004_2021,764234,online,3,C3: Mid-variable,63.64
STAT0004_2021,764237,online,1,C1: Low-steady,78.96
STAT0004_2021,764238,online,3,C3: Mid-variable,72.92
STAT0004_2021,764239,online,1,C1: Low-steady,63.75
STAT0004_2021,764240,online,1,C1: Low-steady,40
STAT0004_2021,764241,online,1,C1: Low-steady,56.48
STAT0004_2021,764242,online,2,C2: High-steady,59.38
STAT0004_2021,764243,online,3,C3: Mid-variable,61.48
STAT0004_2021,764244,online,3,C3: Mid-variable,79.79
STAT0004_2021,764245,online,3,C3: Mid-variable,48.75
STAT0004_2021,764246,online,1,C1: Low-steady,67.19
STAT0004_2021,764811,online,1,C1: Low-steady,49.9
STAT0004_2021,764815,online,3,C3: Mid-variable,93.13
STAT0004_2021,764816,online,3,C3: Mid-variable,53.92
STAT0004_2021,764819,online,3,C3: Mid-variable,52.86
STAT0004_2021,764820,online,3,C3: Mid-variable,73.33
STAT0004_2021,764821,online,2,C2: High-steady,67.73
STAT0004_2021,764822,online,1,C1: Low-steady,57.19
STAT0004_2021,765792,online,1,C1: Low-steady,36.15
STAT0004_2021,765797,online,3,C3: Mid-variable,65.8
STAT0004_2021,765798,online,3,C3: Mid-variable,58.58
STAT0004_2021,765799,online,3,C3: Mid-variable,61.25
STAT0004_2021,765801,online,3,C3: Mid-variable,67.86
STAT0004_2021,765803,online,1,C1: Low-steady,51.22
STAT0004_2021,765804,online,3,C3: Mid-variable,75.63
STAT0004_2021,765805,online,3,C3: Mid-variable,59.19
STAT0004_2021,765806,online,2,C2: High-steady,63.54
STAT0004_2021,766105,online,1,C1: Low-steady,57.57
STAT0004_2021,766106,online,3,C3: Mid-variable,66.25
STAT0004_2021,766111,online,3,C3: Mid-variable,63.18
STAT0004_2021,766112,online,1,C1: Low-steady,55.94
STAT0004_2021,766113,online,3,C3: Mid-variable,80.34
STAT0004_2021,766218,online,3,C3: Mid-variable,55.17
STAT0004_2021,766220,online,3,C3: Mid-variable,74.58
STAT0004_2021,766221,online,2,C2: High-steady,83.33
STAT0004_2021,766491,online,1,C1: Low-steady,55.24
STAT0004_2021,766492,online,1,C1: Low-steady,46.13
STAT0004_2021,766493,online,3,C3: Mid-variable,62.82
STAT0004_2021,766494,online,1,C1: Low-steady,15.68
STAT0004_2021,766495,online,3,C3: Mid-variable,66.88
STAT0004_2021,767353,online,1,C1: Low-steady,68.64
STAT0004_2021,767357,online,3,C3: Mid-variable,60.46
STAT0004_2021,767360,online,3,C3: Mid-variable,61.25
STAT0004_2021,767361,online,3,C3: Mid-variable,61.87
STAT0004_2021,768131,online,3,C3: Mid-variable,59.69
STAT0004_2021,768626,online,1,C1: Low-steady,68.12
STAT0004_2021,769814,online,1,C1: Low-steady,61.88
STAT0004_2021,90245,online,3,C3: Mid-variable,57.23
STAT0004_2122,748411,hybrid,2,C2: High-steady,77.58
STAT0004_2122,748457,hybrid,1,C1: Low-steady,40
STAT0004_2122,758570,hybrid,2,C2: High-steady,95.72
STAT0004_2122,758573,hybrid,3,C3: Mid-variable,77.51
STAT0004_2122,761069,hybrid,3,C3: Mid-variable,67.45
STAT0004_2122,761092,hybrid,3,C3: Mid-variable,74.47
STAT0004_2122,761168,hybrid,1,C1: Low-steady,45.75
STAT0004_2122,764277,hybrid,3,C3: Mid-variable,74.32
STAT0004_2122,764292,hybrid,2,C2: High-steady,77.05
STAT0004_2122,764300,hybrid,3,C3: Mid-variable,61.29
STAT0004_2122,764305,hybrid,3,C3: Mid-variable,70.6
STAT0004_2122,764306,hybrid,1,C1: Low-steady,78.68
STAT0004_2122,764328,hybrid,3,C3: Mid-variable,71.59
STAT0004_2122,764339,hybrid,2,C2: High-steady,83.57
STAT0004_2122,764340,hybrid,1,C1: Low-steady,66
STAT0004_2122,764350,hybrid,2,C2: High-steady,82.32
STAT0004_2122,764364,hybrid,1,C1: Low-steady,76.14
STAT0004_2122,764374,hybrid,1,C1: Low-steady,58.52
STAT0004_2122,764388,hybrid,3,C3: Mid-variable,79.41
STAT0004_2122,764414,hybrid,2,C2: High-steady,75.23
STAT0004_2122,764441,hybrid,3,C3: Mid-variable,79.89
STAT0004_2122,764449,hybrid,3,C3: Mid-variable,80.24
STAT0004_2122,764813,hybrid,1,C1: Low-steady,72.5
STAT0004_2122,768128,hybrid,2,C2: High-steady,72.5
STAT0004_2122,776424,hybrid,1,C1: Low-steady,66.71
STAT0004_2122,776442,hybrid,3,C3: Mid-variable,56.53
STAT0004_2122,776468,hybrid,1,C1: Low-steady,80.84
STAT0004_2122,776469,hybrid,1,C1: Low-steady,72.2
STAT0004_2122,776587,hybrid,3,C3: Mid-variable,55.29
STAT0004_2122,777167,hybrid,1,C1: Low-steady,67.48
STAT0004_2122,777219,hybrid,1,C1: Low-steady,65.66
STAT0004_2122,786920,hybrid,3,C3: Mid-variable,80.94
STAT0004_2122,786935,hybrid,3,C3: Mid-variable,75.23
STAT0004_2122,786994,hybrid,3,C3: Mid-variable,66.42
STAT0004_2122,787008,hybrid,1,C1: Low-steady,76.59
STAT0004_2122,787011,hybrid,2,C2: High-steady,71.14
STAT0004_2122,787025,hybrid,2,C2: High-steady,86.88
STAT0004_2122,787029,hybrid,3,C3: Mid-variable,67.46
STAT0004_2122,787064,hybrid,1,C1: Low-steady,92.05
STAT0004_2122,787098,hybrid,3,C3: Mid-variable,70.6
STAT0004_2122,787102,hybrid,1,C1: Low-steady,94.32
STAT0004_2122,787141,hybrid,3,C3: Mid-variable,72.5
STAT0004_2122,787145,hybrid,3,C3: Mid-variable,67.16
STAT0004_2122,787166,hybrid,1,C1: Low-steady,75.38
STAT0004_2122,787167,hybrid,3,C3: Mid-variable,66.71
STAT0004_2122,787168,hybrid,1,C1: Low-steady,61.94
STAT0004_2122,787169,hybrid,3,C3: Mid-variable,68.07
STAT0004_2122,787171,hybrid,1,C1: Low-steady,67.18
STAT0004_2122,787172,hybrid,3,C3: Mid-variable,56.08
STAT0004_2122,787173,hybrid,3,C3: Mid-variable,63.39
STAT0004_2122,787174,hybrid,1,C1: Low-steady,59.27
STAT0004_2122,787175,hybrid,1,C1: Low-steady,87.81
STAT0004_2122,787177,hybrid,3,C3: Mid-variable,74.32
STAT0004_2122,787178,hybrid,1,C1: Low-steady,62.92
STAT0004_2122,787179,hybrid,2,C2: High-steady,79.57
STAT0004_2122,787180,hybrid,1,C1: Low-steady,77.69
STAT0004_2122,787181,hybrid,3,C3: Mid-variable,74.92
STAT0004_2122,787182,hybrid,1,C1: Low-steady,69.98
STAT0004_2122,787183,hybrid,3,C3: Mid-variable,82.59
STAT0004_2122,787185,hybrid,3,C3: Mid-variable,83.56
STAT0004_2122,787187,hybrid,2,C2: High-steady,79.59
STAT0004_2122,787189,hybrid,3,C3: Mid-variable,90.23
STAT0004_2122,787190,hybrid,1,C1: Low-steady,65.34
STAT0004_2122,787191,hybrid,1,C1: Low-steady,47.92
STAT0004_2122,787192,hybrid,1,C1: Low-steady,76.15
STAT0004_2122,787193,hybrid,1,C1: Low-steady,69.56
STAT0004_2122,787194,hybrid,3,C3: Mid-variable,68.44
STAT0004_2122,787195,hybrid,2,C2: High-steady,85.17
STAT0004_2122,787196,hybrid,3,C3: Mid-variable,70.99
STAT0004_2122,787197,hybrid,1,C1: Low-steady,70.42
STAT0004_2122,787198,hybrid,3,C3: Mid-variable,64.9
STAT0004_2122,787199,hybrid,3,C3: Mid-variable,64.89
STAT0004_2122,787200,hybrid,2,C2: High-steady,83.2
STAT0004_2122,787201,hybrid,1,C1: Low-steady,73.41
STAT0004_2122,787202,hybrid,3,C3: Mid-variable,75.91
STAT0004_2122,787203,hybrid,3,C3: Mid-variable,72.81
STAT0004_2122,787204,hybrid,1,C1: Low-steady,70.99
STAT0004_2122,787206,hybrid,3,C3: Mid-variable,70.39
STAT0004_2122,787207,hybrid,1,C1: Low-steady,64.14
STAT0004_2122,787208,hybrid,1,C1: Low-steady,71.6
STAT0004_2122,787209,hybrid,3,C3: Mid-variable,83.57
STAT0004_2122,787210,hybrid,1,C1: Low-steady,75.73
STAT0004_2122,787212,hybrid,3,C3: Mid-variable,63.13
STAT0004_2122,787213,hybrid,3,C3: Mid-variable,76.02
STAT0004_2122,787214,hybrid,3,C3: Mid-variable,62.95
STAT0004_2122,787215,hybrid,1,C1: Low-steady,77.95
STAT0004_2122,787216,hybrid,1,C1: Low-steady,64.83
STAT0004_2122,787217,hybrid,1,C1: Low-steady,80.05
STAT0004_2122,787218,hybrid,1,C1: Low-steady,78.53
STAT0004_2122,787221,hybrid,3,C3: Mid-variable,60.44
STAT0004_2122,787222,hybrid,3,C3: Mid-variable,72.81
STAT0004_2122,787223,hybrid,3,C3: Mid-variable,64.45
STAT0004_2122,787224,hybrid,1,C1: Low-steady,76.13
STAT0004_2122,787226,hybrid,1,C1: Low-steady,81.26
STAT0004_2122,787227,hybrid,3,C3: Mid-variable,60.98
STAT0004_2122,787228,hybrid,3,C3: Mid-variable,82.32
STAT0004_2122,787229,hybrid,1,C1: Low-steady,68.45
STAT0004_2122,787232,hybrid,3,C3: Mid-variable,62.95
STAT0004_2122,787233,hybrid,1,C1: Low-steady,82.62
STAT0004_2122,787234,hybrid,1,C1: Low-steady,65.21
STAT0004_2122,787235,hybrid,2,C2: High-steady,79.83
STAT0004_2122,787239,hybrid,3,C3: Mid-variable,70.1
STAT0004_2122,787241,hybrid,1,C1: Low-steady,84.05
STAT0004_2122,787242,hybrid,3,C3: Mid-variable,71.96
STAT0004_2122,787243,hybrid,1,C1: Low-steady,85.14
STAT0004_2122,787245,hybrid,3,C3: Mid-variable,84.91
STAT0004_2122,787246,hybrid,3,C3: Mid-variable,80.08
STAT0004_2122,787247,hybrid,3,C3: Mid-variable,64.43
STAT0004_2122,787248,hybrid,3,C3: Mid-variable,73.02
STAT0004_2122,787249,hybrid,1,C1: Low-steady,76.77
STAT0004_2122,787250,hybrid,1,C1: Low-steady,75.83
STAT0004_2122,787251,hybrid,3,C3: Mid-variable,77.04
STAT0004_2122,787255,hybrid,3,C3: Mid-variable,76.44
STAT0004_2122,787258,hybrid,1,C1: Low-steady,60.84
STAT0004_2122,787259,hybrid,1,C1: Low-steady,73.11
STAT0004_2122,787261,hybrid,3,C3: Mid-variable,74.69
STAT0004_2122,787262,hybrid,3,C3: Mid-variable,74.78
STAT0004_2122,787264,hybrid,3,C3: Mid-variable,66.4
STAT0004_2122,787265,hybrid,1,C1: Low-steady,62.04
STAT0004_2122,787266,hybrid,1,C1: Low-steady,57.82
STAT0004_2122,787267,hybrid,3,C3: Mid-variable,69.87
STAT0004_2122,787269,hybrid,2,C2: High-steady,82.77
STAT0004_2122,787270,hybrid,3,C3: Mid-variable,61.14
STAT0004_2122,787272,hybrid,3,C3: Mid-variable,61.31
STAT0004_2122,787274,hybrid,3,C3: Mid-variable,65.93
STAT0004_2122,787275,hybrid,3,C3: Mid-variable,66.71
STAT0004_2122,787276,hybrid,2,C2: High-steady,67.99
STAT0004_2122,787278,hybrid,3,C3: Mid-variable,72.66
STAT0004_2122,787279,hybrid,3,C3: Mid-variable,63.09
STAT0004_2122,787280,hybrid,3,C3: Mid-variable,73.11
STAT0004_2122,787281,hybrid,2,C2: High-steady,74.78
STAT0004_2122,787283,hybrid,2,C2: High-steady,73.11
STAT0004_2122,787284,hybrid,2,C2: High-steady,65.81
STAT0004_2122,787285,hybrid,3,C3: Mid-variable,81.19
STAT0004_2122,787286,hybrid,3,C3: Mid-variable,53.75
STAT0004_2122,787287,hybrid,3,C3: Mid-variable,73.32
STAT0004_2122,787288,hybrid,3,C3: Mid-variable,71.14
STAT0004_2122,787289,hybrid,3,C3: Mid-variable,79.14
STAT0004_2122,787290,hybrid,1,C1: Low-steady,65.59
STAT0004_2122,787291,hybrid,3,C3: Mid-variable,69.56
STAT0004_2122,787293,hybrid,3,C3: Mid-variable,62.04
STAT0004_2122,787294,hybrid,3,C3: Mid-variable,67.37
STAT0004_2122,787296,hybrid,1,C1: Low-steady,77.1
STAT0004_2122,787297,hybrid,3,C3: Mid-variable,66.71
STAT0004_2122,787298,hybrid,2,C2: High-steady,73.11
STAT0004_2122,787301,hybrid,3,C3: Mid-variable,80.84
STAT0004_2122,787302,hybrid,2,C2: High-steady,59.24
STAT0004_2122,787304,hybrid,3,C3: Mid-variable,75.68
STAT0004_2122,787306,hybrid,3,C3: Mid-variable,74.01
STAT0004_2122,787307,hybrid,1,C1: Low-steady,62.58
STAT0004_2122,787308,hybrid,3,C3: Mid-variable,74.01
STAT0004_2122,787311,hybrid,3,C3: Mid-variable,65.8
STAT0004_2122,787312,hybrid,3,C3: Mid-variable,75.68
STAT0004_2122,787313,hybrid,3,C3: Mid-variable,75.68
STAT0004_2122,787314,hybrid,3,C3: Mid-variable,67.16
STAT0004_2122,795344,hybrid,3,C3: Mid-variable,79.41
STAT0004_2122,795350,hybrid,1,C1: Low-steady,75.81
STAT0004_2122,795362,hybrid,3,C3: Mid-variable,76.59
STAT0004_2122,795363,hybrid,2,C2: High-steady,77.67
STAT0004_2122,795364,hybrid,3,C3: Mid-variable,78.86
STAT0004_2122,795365,hybrid,3,C3: Mid-variable,66.46
STAT0004_2122,795366,hybrid,3,C3: Mid-variable,54.48
STAT0004_2122,795367,hybrid,3,C3: Mid-variable,66.12
STAT0004_2122,795371,hybrid,3,C3: Mid-variable,76.02
STAT0004_2122,795372,hybrid,1,C1: Low-steady,70.08
STAT0004_2122,797032,hybrid,1,C1: Low-steady,66.57
STAT0004_2122,798662,hybrid,3,C3: Mid-variable,68.73
STAT0004_2122,798663,hybrid,3,C3: Mid-variable,82.74
STAT0004_2122,798664,hybrid,3,C3: Mid-variable,75.83
STAT0004_2122,800787,hybrid,2,C2: High-steady,78.86
STAT0004_2122,800788,hybrid,1,C1: Low-steady,74.88
STAT0004_2122,802577,hybrid,1,C1: Low-steady,60.11
STAT0004_2223,764325,in_person,1,C1: Low-steady,49.0275
STAT0004_2223,787047,in_person,1,C1: Low-steady,52.25
STAT0004_2223,795048,in_person,1,C1: Low-steady,76.465
STAT0004_2223,799571,in_person,3,C3: Mid-variable,69.97
STAT0004_2223,810731,in_person,2,C2: High-steady,64.63
STAT0004_2223,811384,in_person,3,C3: Mid-variable,66.165
STAT0004_2223,811765,in_person,3,C3: Mid-variable,85.635
STAT0004_2223,811818,in_person,3,C3: Mid-variable,57.5
STAT0004_2223,833842,in_person,1,C1: Low-steady,60.265
STAT0004_2223,833846,in_person,3,C3: Mid-variable,56.165
STAT0004_2223,833847,in_person,3,C3: Mid-variable,68.5
STAT0004_2223,833856,in_person,1,C1: Low-steady,57.665
STAT0004_2223,833857,in_person,1,C1: Low-steady,43.765
STAT0004_2223,833860,in_person,2,C2: High-steady,71.165
STAT0004_2223,833872,in_person,1,C1: Low-steady,71.17
STAT0004_2223,833874,in_person,3,C3: Mid-variable,72.635
STAT0004_2223,833882,in_person,1,C1: Low-steady,61.835
STAT0004_2223,833890,in_person,1,C1: Low-steady,62.865
STAT0004_2223,833894,in_person,3,C3: Mid-variable,77.3
STAT0004_2223,833906,in_person,3,C3: Mid-variable,77.835
STAT0004_2223,833907,in_person,3,C3: Mid-variable,73.8
STAT0004_2223,833917,in_person,1,C1: Low-steady,76.5
STAT0004_2223,833947,in_person,1,C1: Low-steady,44.2
STAT0004_2223,833948,in_person,3,C3: Mid-variable,49.665
STAT0004_2223,833967,in_person,3,C3: Mid-variable,53.835
STAT0004_2223,834003,in_person,1,C1: Low-steady,72.465
STAT0004_2223,834023,in_person,3,C3: Mid-variable,59.665
STAT0004_2223,834037,in_person,1,C1: Low-steady,12.5
STAT0004_2223,834044,in_person,2,C2: High-steady,73.5
STAT0004_2223,834055,in_person,3,C3: Mid-variable,19.335
STAT0004_2223,834068,in_person,3,C3: Mid-variable,81.5
STAT0004_2223,834070,in_person,2,C2: High-steady,76.465
STAT0004_2223,834073,in_person,1,C1: Low-steady,58.465
STAT0004_2223,834089,in_person,3,C3: Mid-variable,72
STAT0004_2223,834093,in_person,1,C1: Low-steady,57.2
STAT0004_2223,834097,in_person,2,C2: High-steady,79.335
STAT0004_2223,834106,in_person,3,C3: Mid-variable,77.2
STAT0004_2223,834118,in_person,2,C2: High-steady,72.165
STAT0004_2223,834127,in_person,3,C3: Mid-variable,82
STAT0004_2223,834131,in_person,2,C2: High-steady,69.3
STAT0004_2223,834133,in_person,1,C1: Low-steady,65.8
STAT0004_2223,834134,in_person,2,C2: High-steady,76.3
STAT0004_2223,834135,in_person,3,C3: Mid-variable,64.165
STAT0004_2223,834142,in_person,1,C1: Low-steady,50.465
STAT0004_2223,834147,in_person,3,C3: Mid-variable,68.83
STAT0004_2223,834161,in_person,1,C1: Low-steady,64.835
STAT0004_2223,834162,in_person,1,C1: Low-steady,68.165
STAT0004_2223,834163,in_person,3,C3: Mid-variable,78.5
STAT0004_2223,834164,in_person,3,C3: Mid-variable,69.065
STAT0004_2223,834165,in_person,3,C3: Mid-variable,53.465
STAT0004_2223,834167,in_person,3,C3: Mid-variable,75.835
STAT0004_2223,834169,in_person,3,C3: Mid-variable,72.5
STAT0004_2223,834170,in_person,3,C3: Mid-variable,75.3
STAT0004_2223,834171,in_person,3,C3: Mid-variable,74.835
STAT0004_2223,834172,in_person,3,C3: Mid-variable,86.165
STAT0004_2223,834173,in_person,1,C1: Low-steady,78.5
STAT0004_2223,834174,in_person,3,C3: Mid-variable,80.365
STAT0004_2223,834175,in_person,3,C3: Mid-variable,56
STAT0004_2223,834176,in_person,3,C3: Mid-variable,72.665
STAT0004_2223,834177,in_person,3,C3: Mid-variable,78.665
STAT0004_2223,834178,in_person,1,C1: Low-steady,72.465
STAT0004_2223,834179,in_person,1,C1: Low-steady,64.165
STAT0004_2223,834180,in_person,3,C3: Mid-variable,79.5
STAT0004_2223,834181,in_person,3,C3: Mid-variable,71.265
STAT0004_2223,834182,in_person,1,C1: Low-steady,71.5
STAT0004_2223,834183,in_person,2,C2: High-steady,75.8
STAT0004_2223,834184,in_person,3,C3: Mid-variable,78.335
STAT0004_2223,834185,in_person,3,C3: Mid-variable,74.935
STAT0004_2223,834186,in_person,1,C1: Low-steady,76.965
STAT0004_2223,834187,in_person,2,C2: High-steady,73.135
STAT0004_2223,834188,in_person,1,C1: Low-steady,77.165
STAT0004_2223,834189,in_person,3,C3: Mid-variable,78
STAT0004_2223,834190,in_person,3,C3: Mid-variable,72.465
STAT0004_2223,834191,in_person,3,C3: Mid-variable,82.3
STAT0004_2223,834193,in_person,3,C3: Mid-variable,77.665
STAT0004_2223,834194,in_person,3,C3: Mid-variable,81
STAT0004_2223,834195,in_person,3,C3: Mid-variable,66.665
STAT0004_2223,834196,in_person,3,C3: Mid-variable,74.8
STAT0004_2223,834197,in_person,1,C1: Low-steady,79.5
STAT0004_2223,834198,in_person,1,C1: Low-steady,80.3
STAT0004_2223,834199,in_person,3,C3: Mid-variable,80.165
STAT0004_2223,834200,in_person,2,C2: High-steady,67
STAT0004_2223,834201,in_person,3,C3: Mid-variable,64
STAT0004_2223,834202,in_person,3,C3: Mid-variable,77.5
STAT0004_2223,834203,in_person,1,C1: Low-steady,65.5
STAT0004_2223,834204,in_person,1,C1: Low-steady,53.2
STAT0004_2223,834205,in_person,1,C1: Low-steady,80
STAT0004_2223,834206,in_person,3,C3: Mid-variable,63.035
STAT0004_2223,834207,in_person,3,C3: Mid-variable,65.6
STAT0004_2223,834208,in_person,1,C1: Low-steady,77.3
STAT0004_2223,834209,in_person,3,C3: Mid-variable,63.3
STAT0004_2223,834210,in_person,3,C3: Mid-variable,82.665
STAT0004_2223,834212,in_person,3,C3: Mid-variable,88
STAT0004_2223,834213,in_person,2,C2: High-steady,72.635
STAT0004_2223,834215,in_person,3,C3: Mid-variable,68.035
STAT0004_2223,834216,in_person,3,C3: Mid-variable,78.83
STAT0004_2223,834218,in_person,3,C3: Mid-variable,74.5
STAT0004_2223,834219,in_person,3,C3: Mid-variable,74.8
STAT0004_2223,834220,in_person,1,C1: Low-steady,56.67
STAT0004_2223,834222,in_person,3,C3: Mid-variable,88.5
STAT0004_2223,834223,in_person,1,C1: Low-steady,78.8
STAT0004_2223,834224,in_person,1,C1: Low-steady,52.5
STAT0004_2223,834225,in_person,1,C1: Low-steady,74.165
STAT0004_2223,834226,in_person,3,C3: Mid-variable,48.765
STAT0004_2223,834227,in_person,3,C3: Mid-variable,95.165
STAT0004_2223,834228,in_person,3,C3: Mid-variable,67.165
STAT0004_2223,834229,in_person,2,C2: High-steady,68.665
STAT0004_2223,834230,in_person,1,C1: Low-steady,73.5
STAT0004_2223,834231,in_person,2,C2: High-steady,78.665
STAT0004_2223,834232,in_person,1,C1: Low-steady,57
STAT0004_2223,834233,in_person,1,C1: Low-steady,78.665
STAT0004_2223,834234,in_person,3,C3: Mid-variable,62.335
STAT0004_2223,834235,in_person,3,C3: Mid-variable,76.83
STAT0004_2223,834237,in_person,3,C3: Mid-variable,61.165
STAT0004_2223,834238,in_person,1,C1: Low-steady,68.965
STAT0004_2223,834239,in_person,1,C1: Low-steady,74.53
STAT0004_2223,834240,in_person,3,C3: Mid-variable,82.135
STAT0004_2223,834241,in_person,3,C3: Mid-variable,83.665
STAT0004_2223,834242,in_person,3,C3: Mid-variable,77.5
STAT0004_2223,834243,in_person,1,C1: Low-steady,56.67
STAT0004_2223,834244,in_person,3,C3: Mid-variable,71.8
STAT0004_2223,834245,in_person,3,C3: Mid-variable,81.5
STAT0004_2223,834246,in_person,1,C1: Low-steady,65.17
STAT0004_2223,834247,in_person,1,C1: Low-steady,81.165
STAT0004_2223,834248,in_person,1,C1: Low-steady,64.5
STAT0004_2223,834249,in_person,3,C3: Mid-variable,74.835
STAT0004_2223,834252,in_person,3,C3: Mid-variable,76
STAT0004_2223,834253,in_person,3,C3: Mid-variable,66.8
STAT0004_2223,834254,in_person,1,C1: Low-steady,56.97
STAT0004_2223,834255,in_person,2,C2: High-steady,70
STAT0004_2223,834256,in_person,2,C2: High-steady,82.435
STAT0004_2223,834257,in_person,3,C3: Mid-variable,58.965
STAT0004_2223,834258,in_person,3,C3: Mid-variable,83.165
STAT0004_2223,834261,in_person,3,C3: Mid-variable,60.6
STAT0004_2223,834263,in_person,1,C1: Low-steady,71.865
STAT0004_2223,834264,in_person,1,C1: Low-steady,81.5
STAT0004_2223,834266,in_person,3,C3: Mid-variable,66.63
STAT0004_2223,834267,in_person,3,C3: Mid-variable,55.665
STAT0004_2223,834268,in_person,3,C3: Mid-variable,71.97
STAT0004_2223,834269,in_person,2,C2: High-steady,80.1
STAT0004_2223,834270,in_person,2,C2: High-steady,74.5
STAT0004_2223,834272,in_person,3,C3: Mid-variable,54.965
STAT0004_2223,834273,in_person,3,C3: Mid-variable,90.965
STAT0004_2223,834275,in_person,2,C2: High-steady,91.335
STAT0004_2223,834276,in_person,3,C3: Mid-variable,68.435
STAT0004_2223,834277,in_person,3,C3: Mid-variable,65.6
STAT0004_2223,834279,in_person,2,C2: High-steady,84.83
STAT0004_2223,834280,in_person,1,C1: Low-steady,89.2
STAT0004_2223,834282,in_person,3,C3: Mid-variable,56.93
STAT0004_2223,834283,in_person,3,C3: Mid-variable,70.3
STAT0004_2223,834284,in_person,1,C1: Low-steady,86.835
STAT0004_2223,834285,in_person,1,C1: Low-steady,70
STAT0004_2223,834286,in_person,1,C1: Low-steady,87.165
STAT0004_2223,834287,in_person,1,C1: Low-steady,78.3
STAT0004_2223,834288,in_person,3,C3: Mid-variable,62.935
STAT0004_2223,834289,in_person,1,C1: Low-steady,74.665
STAT0004_2223,834290,in_person,1,C1: Low-steady,79
STAT0004_2223,834291,in_person,3,C3: Mid-variable,86.165
STAT0004_2223,834292,in_person,3,C3: Mid-variable,67.665
STAT0004_2223,834293,in_person,1,C1: Low-steady,85.5
STAT0004_2223,834294,in_person,3,C3: Mid-variable,76.965
STAT0004_2223,834295,in_person,1,C1: Low-steady,64.1
STAT0004_2223,834296,in_person,3,C3: Mid-variable,66.43
STAT0004_2223,834297,in_person,1,C1: Low-steady,78
STAT0004_2223,834298,in_person,2,C2: High-steady,67.965
STAT0004_2223,834299,in_person,2,C2: High-steady,92.835
STAT0004_2223,834300,in_person,3,C3: Mid-variable,75.165
STAT0004_2223,834301,in_person,3,C3: Mid-variable,63.265
STAT0004_2223,834302,in_person,1,C1: Low-steady,74.75
STAT0004_2223,834304,in_person,1,C1: Low-steady,71.5
STAT0004_2223,834305,in_person,1,C1: Low-steady,73.835
STAT0004_2223,834306,in_person,3,C3: Mid-variable,72.465
STAT0004_2223,834307,in_person,1,C1: Low-steady,74.765
STAT0004_2223,834308,in_person,3,C3: Mid-variable,73.135
STAT0004_2223,834311,in_person,3,C3: Mid-variable,62.335
STAT0004_2223,834312,in_person,3,C3: Mid-variable,68.165
STAT0004_2223,834315,in_person,3,C3: Mid-variable,68.865
STAT0004_2223,834316,in_person,3,C3: Mid-variable,57.8
STAT0004_2223,834319,in_person,1,C1: Low-steady,75.33
STAT0004_2223,834320,in_person,3,C3: Mid-variable,70.965
STAT0004_2223,834322,in_person,2,C2: High-steady,68.8
STAT0004_2223,834324,in_person,3,C3: Mid-variable,65.3
STAT0004_2223,834325,in_person,1,C1: Low-steady,71.3
STAT0004_2223,834326,in_person,3,C3: Mid-variable,61.5
STAT0004_2223,834327,in_person,3,C3: Mid-variable,69.665
STAT0004_2223,834328,in_person,3,C3: Mid-variable,73.8
STAT0004_2223,834329,in_person,3,C3: Mid-variable,83.465
STAT0004_2223,834331,in_person,3,C3: Mid-variable,65.63
STAT0004_2223,834332,in_person,2,C2: High-steady,61.47
STAT0004_2223,834333,in_person,3,C3: Mid-variable,67.3
STAT0004_2223,834334,in_person,3,C3: Mid-variable,68.635
STAT0004_2223,834335,in_person,1,C1: Low-steady,59.535
STAT0004_2223,834336,in_person,1,C1: Low-steady,73.3
STAT0004_2223,836584,in_person,3,C3: Mid-variable,75.8
STAT0004_2223,836596,in_person,1,C1: Low-steady,82.835
STAT0004_2223,836598,in_person,3,C3: Mid-variable,85.5
STAT0004_2223,837854,in_person,1,C1: Low-steady,58.665
